<Anims>
 <anim name="anim_90s" root="browny_meter" numframes="750" framerate="40">
  <frame idx="0" w="185" h="190" x="-11.249001" y="-10.749001">
   <element name="frame_circle" layername="frame_circle" frame="0" z_index="1" m_a="1.000000" m_b="0.000000" m_c="0.000000" m_d="1.000000" m_tx="0.500000" m_ty="-0.649000"/>
   <element name="heart" layername="heart" frame="0" z_index="2" m_a="1.000000" m_b="0.000000" m_c="0.000000" m_d="1.000000" m_tx="0.000000" m_ty="0.000000"/>
   <element name="health_level" layername="health_level" frame="0" z_index="3" m_a="1.000000" m_b="0.000000" m_c="0.000000" m_d="1.000000" m_tx="0.000000" m_ty="0.000000"/>
   <element name="bg" layername="bg" frame="0" z_index="4" m_a="1.000000" m_b="0.000000" m_c="0.000000" m_d="1.000000" m_tx="-86.549004" m_ty="-87.598999"/>
   <element name="bg2" layername="bg2" frame="0" z_index="5" m_a="1.000000" m_b="0.000000" m_c="0.000000" m_d="1.000000" m_tx="-86.749001" m_ty="-87.749001"/>
  </frame>
  <frame idx="25" w="185" h="190" x="-11.249001" y="-10.749001">
   <element name="frame_circle" layername="frame_circle" frame="0" z_index="1" m_a="1.000000" m_b="0.000000" m_c="0.000000" m_d="1.000000" m_tx="0.500000" m_ty="-0.649000"/>
   <element name="heart" layername="heart" frame="0" z_index="2" m_a="1.000000" m_b="0.000000" m_c="0.000000" m_d="1.000000" m_tx="0.000000" m_ty="0.000000"/>
   <element name="health_level" layername="health_level" frame="0" z_index="3" m_a="1.000000" m_b="0.000000" m_c="0.000000" m_d="1.000000" m_tx="0.000000" m_ty="0.000000"/>
   <element name="bg" layername="bg" frame="0" z_index="4" m_a="1.000000" m_b="0.000000" m_c="0.000000" m_d="1.000000" m_tx="-86.549004" m_ty="-87.598999"/>
   <element name="bg2" layername="bg2" frame="0" z_index="5" m_a="1.000000" m_b="0.000000" m_c="0.000000" m_d="1.000000" m_tx="-86.749001" m_ty="-87.749001"/>
  </frame>
  <frame idx="50" w="185" h="190" x="-11.249001" y="-10.749001">
   <element name="frame_circle" layername="frame_circle" frame="0" z_index="1" m_a="1.000000" m_b="0.000000" m_c="0.000000" m_d="1.000000" m_tx="0.500000" m_ty="-0.649000"/>
   <element name="heart" layername="heart" frame="0" z_index="2" m_a="1.000000" m_b="0.000000" m_c="0.000000" m_d="1.000000" m_tx="0.000000" m_ty="0.000000"/>
   <element name="health_level" layername="health_level" frame="1" z_index="3" m_a="1.000000" m_b="0.000000" m_c="0.000000" m_d="1.000000" m_tx="0.000000" m_ty="-1.572098"/>
   <element name="bg" layername="bg" frame="0" z_index="4" m_a="1.000000" m_b="0.000000" m_c="0.000000" m_d="1.000000" m_tx="-86.549004" m_ty="-87.598999"/>
   <element name="bg2" layername="bg2" frame="0" z_index="5" m_a="1.000000" m_b="0.000000" m_c="0.000000" m_d="1.000000" m_tx="-86.749001" m_ty="-87.749001"/>
  </frame>
  <frame idx="75" w="185" h="190" x="-11.249001" y="-10.749001">
   <element name="frame_circle" layername="frame_circle" frame="0" z_index="1" m_a="1.000000" m_b="0.000000" m_c="0.000000" m_d="1.000000" m_tx="0.500000" m_ty="-0.649000"/>
   <element name="heart" layername="heart" frame="0" z_index="2" m_a="1.000000" m_b="0.000000" m_c="0.000000" m_d="1.000000" m_tx="0.000000" m_ty="0.000000"/>
   <element name="health_level" layername="health_level" frame="1" z_index="3" m_a="1.000000" m_b="0.000000" m_c="0.000000" m_d="1.000000" m_tx="0.000000" m_ty="-2.900651"/>
   <element name="bg" layername="bg" frame="0" z_index="4" m_a="1.000000" m_b="0.000000" m_c="0.000000" m_d="1.000000" m_tx="-86.549004" m_ty="-87.598999"/>
   <element name="bg2" layername="bg2" frame="0" z_index="5" m_a="1.000000" m_b="0.000000" m_c="0.000000" m_d="1.000000" m_tx="-86.749001" m_ty="-87.749001"/>
  </frame>
  <frame idx="100" w="185" h="190" x="-11.249001" y="-10.749001">
   <element name="frame_circle" layername="frame_circle" frame="0" z_index="1" m_a="1.000000" m_b="0.000000" m_c="0.000000" m_d="1.000000" m_tx="0.500000" m_ty="-0.649000"/>
   <element name="heart" layername="heart" frame="0" z_index="2" m_a="1.000000" m_b="0.000000" m_c="0.000000" m_d="1.000000" m_tx="0.000000" m_ty="0.000000"/>
   <element name="health_level" layername="health_level" frame="3" z_index="3" m_a="1.000000" m_b="0.000000" m_c="0.000000" m_d="1.000000" m_tx="0.000000" m_ty="-3.969179"/>
   <element name="bg" layername="bg" frame="0" z_index="4" m_a="1.000000" m_b="0.000000" m_c="0.000000" m_d="1.000000" m_tx="-86.549004" m_ty="-87.598999"/>
   <element name="bg2" layername="bg2" frame="0" z_index="5" m_a="1.000000" m_b="0.000000" m_c="0.000000" m_d="1.000000" m_tx="-86.749001" m_ty="-87.749001"/>
  </frame>
  <frame idx="125" w="185" h="190" x="-11.249001" y="-10.749001">
   <element name="frame_circle" layername="frame_circle" frame="0" z_index="1" m_a="1.000000" m_b="0.000000" m_c="0.000000" m_d="1.000000" m_tx="0.500000" m_ty="-0.649000"/>
   <element name="heart" layername="heart" frame="0" z_index="2" m_a="1.000000" m_b="0.000000" m_c="0.000000" m_d="1.000000" m_tx="0.000000" m_ty="0.000000"/>
   <element name="health_level" layername="health_level" frame="3" z_index="3" m_a="1.000000" m_b="0.000000" m_c="0.000000" m_d="1.000000" m_tx="0.000000" m_ty="-3.969179"/>
   <element name="bg" layername="bg" frame="0" z_index="4" m_a="1.000000" m_b="0.000000" m_c="0.000000" m_d="1.000000" m_tx="-86.549004" m_ty="-87.598999"/>
   <element name="bg2" layername="bg2" frame="0" z_index="5" m_a="1.000000" m_b="0.000000" m_c="0.000000" m_d="1.000000" m_tx="-86.749001" m_ty="-87.749001"/>
  </frame>
  <frame idx="150" w="185" h="190" x="-11.249001" y="-10.749001">
   <element name="frame_circle" layername="frame_circle" frame="0" z_index="1" m_a="1.000000" m_b="0.000000" m_c="0.000000" m_d="1.000000" m_tx="0.500000" m_ty="-0.649000"/>
   <element name="heart" layername="heart" frame="0" z_index="2" m_a="1.000000" m_b="0.000000" m_c="0.000000" m_d="1.000000" m_tx="0.000000" m_ty="0.000000"/>
   <element name="health_level" layername="health_level" frame="4" z_index="3" m_a="1.000000" m_b="0.000000" m_c="0.000000" m_d="1.000000" m_tx="0.000000" m_ty="-5.166280"/>
   <element name="bg" layername="bg" frame="0" z_index="4" m_a="1.000000" m_b="0.000000" m_c="0.000000" m_d="1.000000" m_tx="-86.549004" m_ty="-87.598999"/>
   <element name="bg2" layername="bg2" frame="0" z_index="5" m_a="1.000000" m_b="0.000000" m_c="0.000000" m_d="1.000000" m_tx="-86.749001" m_ty="-87.749001"/>
  </frame>
  <frame idx="175" w="185" h="190" x="-11.249001" y="-10.749001">
   <element name="frame_circle" layername="frame_circle" frame="0" z_index="1" m_a="1.000000" m_b="0.000000" m_c="0.000000" m_d="1.000000" m_tx="0.500000" m_ty="-0.649000"/>
   <element name="heart" layername="heart" frame="0" z_index="2" m_a="1.000000" m_b="0.000000" m_c="0.000000" m_d="1.000000" m_tx="0.000000" m_ty="0.000000"/>
   <element name="health_level" layername="health_level" frame="5" z_index="3" m_a="1.000000" m_b="0.000000" m_c="0.000000" m_d="1.000000" m_tx="0.000000" m_ty="-6.366247"/>
   <element name="bg" layername="bg" frame="0" z_index="4" m_a="1.000000" m_b="0.000000" m_c="0.000000" m_d="1.000000" m_tx="-86.549004" m_ty="-87.598999"/>
   <element name="bg2" layername="bg2" frame="0" z_index="5" m_a="1.000000" m_b="0.000000" m_c="0.000000" m_d="1.000000" m_tx="-86.749001" m_ty="-87.749001"/>
  </frame>
  <frame idx="200" w="185" h="190" x="-11.249001" y="-10.749001">
   <element name="frame_circle" layername="frame_circle" frame="0" z_index="1" m_a="1.000000" m_b="0.000000" m_c="0.000000" m_d="1.000000" m_tx="0.500000" m_ty="-0.649000"/>
   <element name="heart" layername="heart" frame="1" z_index="2" m_a="1.000000" m_b="0.000000" m_c="0.000000" m_d="1.000000" m_tx="0.749997" m_ty="-0.119282"/>
   <element name="health_level" layername="health_level" frame="6" z_index="3" m_a="1.000000" m_b="0.000000" m_c="0.000000" m_d="1.000000" m_tx="0.000000" m_ty="-7.563347"/>
   <element name="bg" layername="bg" frame="0" z_index="4" m_a="1.000000" m_b="0.000000" m_c="0.000000" m_d="1.000000" m_tx="-86.549004" m_ty="-87.598999"/>
   <element name="bg2" layername="bg2" frame="0" z_index="5" m_a="1.000000" m_b="0.000000" m_c="0.000000" m_d="1.000000" m_tx="-86.749001" m_ty="-87.749001"/>
  </frame>
  <frame idx="225" w="185" h="190" x="-11.249001" y="-10.749001">
   <element name="frame_circle" layername="frame_circle" frame="0" z_index="1" m_a="1.000000" m_b="0.000000" m_c="0.000000" m_d="1.000000" m_tx="0.500000" m_ty="-0.649000"/>
   <element name="heart" layername="heart" frame="1" z_index="2" m_a="1.000000" m_b="0.000000" m_c="0.000000" m_d="1.000000" m_tx="0.749997" m_ty="-0.119282"/>
   <element name="health_level" layername="health_level" frame="6" z_index="3" m_a="1.000000" m_b="0.000000" m_c="0.000000" m_d="1.000000" m_tx="0.000000" m_ty="-7.563347"/>
   <element name="bg" layername="bg" frame="0" z_index="4" m_a="1.000000" m_b="0.000000" m_c="0.000000" m_d="1.000000" m_tx="-86.549004" m_ty="-87.598999"/>
   <element name="bg2" layername="bg2" frame="0" z_index="5" m_a="1.000000" m_b="0.000000" m_c="0.000000" m_d="1.000000" m_tx="-86.749001" m_ty="-87.749001"/>
  </frame>
  <frame idx="250" w="185" h="190" x="-11.249001" y="-10.749001">
   <element name="frame_circle" layername="frame_circle" frame="0" z_index="1" m_a="1.000000" m_b="0.000000" m_c="0.000000" m_d="1.000000" m_tx="0.500000" m_ty="-0.649000"/>
   <element name="heart" layername="heart" frame="1" z_index="2" m_a="1.000000" m_b="0.000000" m_c="0.000000" m_d="1.000000" m_tx="0.749997" m_ty="-0.119282"/>
   <element name="health_level" layername="health_level" frame="7" z_index="3" m_a="1.000000" m_b="0.000000" m_c="0.000000" m_d="1.000000" m_tx="0.000000" m_ty="-8.760432"/>
   <element name="bg" layername="bg" frame="0" z_index="4" m_a="1.000000" m_b="0.000000" m_c="0.000000" m_d="1.000000" m_tx="-86.549004" m_ty="-87.598999"/>
   <element name="bg2" layername="bg2" frame="0" z_index="5" m_a="1.000000" m_b="0.000000" m_c="0.000000" m_d="1.000000" m_tx="-86.749001" m_ty="-87.749001"/>
  </frame>
  <frame idx="275" w="185" h="190" x="-11.249001" y="-10.749001">
   <element name="frame_circle" layername="frame_circle" frame="0" z_index="1" m_a="1.000000" m_b="0.000000" m_c="0.000000" m_d="1.000000" m_tx="0.500000" m_ty="-0.649000"/>
   <element name="heart" layername="heart" frame="1" z_index="2" m_a="1.000000" m_b="0.000000" m_c="0.000000" m_d="1.000000" m_tx="0.749997" m_ty="-0.119282"/>
   <element name="health_level" layername="health_level" frame="8" z_index="3" m_a="1.000000" m_b="0.000000" m_c="0.000000" m_d="1.000000" m_tx="0.000000" m_ty="-9.960434"/>
   <element name="bg" layername="bg" frame="0" z_index="4" m_a="1.000000" m_b="0.000000" m_c="0.000000" m_d="1.000000" m_tx="-86.549004" m_ty="-87.598999"/>
   <element name="bg2" layername="bg2" frame="0" z_index="5" m_a="1.000000" m_b="0.000000" m_c="0.000000" m_d="1.000000" m_tx="-86.749001" m_ty="-87.749001"/>
  </frame>
  <frame idx="300" w="185" h="190" x="-11.249001" y="-10.749001">
   <element name="frame_circle" layername="frame_circle" frame="0" z_index="1" m_a="1.000000" m_b="0.000000" m_c="0.000000" m_d="1.000000" m_tx="0.500000" m_ty="-0.649000"/>
   <element name="heart" layername="heart" frame="1" z_index="2" m_a="1.000000" m_b="0.000000" m_c="0.000000" m_d="1.000000" m_tx="0.749997" m_ty="-0.119282"/>
   <element name="health_level" layername="health_level" frame="9" z_index="3" m_a="1.000000" m_b="0.000000" m_c="0.000000" m_d="1.000000" m_tx="0.000000" m_ty="-11.157521"/>
   <element name="bg" layername="bg" frame="0" z_index="4" m_a="1.000000" m_b="0.000000" m_c="0.000000" m_d="1.000000" m_tx="-86.549004" m_ty="-87.598999"/>
   <element name="bg2" layername="bg2" frame="0" z_index="5" m_a="1.000000" m_b="0.000000" m_c="0.000000" m_d="1.000000" m_tx="-86.749001" m_ty="-87.749001"/>
  </frame>
  <frame idx="325" w="185" h="190" x="-11.249001" y="-10.749001">
   <element name="frame_circle" layername="frame_circle" frame="0" z_index="1" m_a="1.000000" m_b="0.000000" m_c="0.000000" m_d="1.000000" m_tx="0.500000" m_ty="-0.649000"/>
   <element name="heart" layername="heart" frame="1" z_index="2" m_a="1.000000" m_b="0.000000" m_c="0.000000" m_d="1.000000" m_tx="0.749997" m_ty="-0.119282"/>
   <element name="health_level" layername="health_level" frame="9" z_index="3" m_a="1.000000" m_b="0.000000" m_c="0.000000" m_d="1.000000" m_tx="0.000000" m_ty="-11.157521"/>
   <element name="bg" layername="bg" frame="0" z_index="4" m_a="1.000000" m_b="0.000000" m_c="0.000000" m_d="1.000000" m_tx="-86.549004" m_ty="-87.598999"/>
   <element name="bg2" layername="bg2" frame="0" z_index="5" m_a="1.000000" m_b="0.000000" m_c="0.000000" m_d="1.000000" m_tx="-86.749001" m_ty="-87.749001"/>
  </frame>
  <frame idx="350" w="185" h="190" x="-11.249001" y="-10.749001">
   <element name="frame_circle" layername="frame_circle" frame="0" z_index="1" m_a="1.000000" m_b="0.000000" m_c="0.000000" m_d="1.000000" m_tx="0.500000" m_ty="-0.649000"/>
   <element name="heart" layername="heart" frame="1" z_index="2" m_a="1.000000" m_b="0.000000" m_c="0.000000" m_d="1.000000" m_tx="0.749997" m_ty="-0.119282"/>
   <element name="health_level" layername="health_level" frame="9" z_index="3" m_a="1.000000" m_b="0.000000" m_c="0.000000" m_d="1.000000" m_tx="0.000000" m_ty="-12.311379"/>
   <element name="bg" layername="bg" frame="0" z_index="4" m_a="1.000000" m_b="0.000000" m_c="0.000000" m_d="1.000000" m_tx="-86.549004" m_ty="-87.598999"/>
   <element name="bg2" layername="bg2" frame="0" z_index="5" m_a="1.000000" m_b="0.000000" m_c="0.000000" m_d="1.000000" m_tx="-86.749001" m_ty="-87.749001"/>
  </frame>
  <frame idx="375" w="185" h="190" x="-11.249001" y="-10.749001">
   <element name="frame_circle" layername="frame_circle" frame="0" z_index="1" m_a="1.000000" m_b="0.000000" m_c="0.000000" m_d="1.000000" m_tx="0.500000" m_ty="-0.649000"/>
   <element name="heart" layername="heart" frame="1" z_index="2" m_a="1.000000" m_b="0.000000" m_c="0.000000" m_d="1.000000" m_tx="0.749997" m_ty="-0.119282"/>
   <element name="health_level" layername="health_level" frame="10" z_index="3" m_a="1.000000" m_b="0.000000" m_c="0.000000" m_d="1.000000" m_tx="0.000000" m_ty="-14.808001"/>
   <element name="bg" layername="bg" frame="0" z_index="4" m_a="1.000000" m_b="0.000000" m_c="0.000000" m_d="1.000000" m_tx="-86.549004" m_ty="-87.598999"/>
   <element name="bg2" layername="bg2" frame="0" z_index="5" m_a="1.000000" m_b="0.000000" m_c="0.000000" m_d="1.000000" m_tx="-86.749001" m_ty="-87.749001"/>
  </frame>
  <frame idx="400" w="185" h="190" x="-11.249001" y="-10.749001">
   <element name="frame_circle" layername="frame_circle" frame="0" z_index="1" m_a="1.000000" m_b="0.000000" m_c="0.000000" m_d="1.000000" m_tx="0.500000" m_ty="-0.649000"/>
   <element name="heart" layername="heart" frame="1" z_index="2" m_a="1.000000" m_b="0.000000" m_c="0.000000" m_d="1.000000" m_tx="0.749997" m_ty="-0.119282"/>
   <element name="health_level" layername="health_level" frame="11" z_index="3" m_a="1.000000" m_b="0.000000" m_c="0.000000" m_d="1.000000" m_tx="0.000000" m_ty="-16.276815"/>
   <element name="bg" layername="bg" frame="0" z_index="4" m_a="1.000000" m_b="0.000000" m_c="0.000000" m_d="1.000000" m_tx="-86.549004" m_ty="-87.598999"/>
   <element name="bg2" layername="bg2" frame="0" z_index="5" m_a="1.000000" m_b="0.000000" m_c="0.000000" m_d="1.000000" m_tx="-86.749001" m_ty="-87.749001"/>
  </frame>
  <frame idx="425" w="185" h="190" x="-11.249001" y="-10.749001">
   <element name="frame_circle" layername="frame_circle" frame="0" z_index="1" m_a="1.000000" m_b="0.000000" m_c="0.000000" m_d="1.000000" m_tx="0.500000" m_ty="-0.649000"/>
   <element name="heart" layername="heart" frame="1" z_index="2" m_a="1.000000" m_b="0.000000" m_c="0.000000" m_d="1.000000" m_tx="0.749997" m_ty="-0.119282"/>
   <element name="health_level" layername="health_level" frame="12" z_index="3" m_a="1.000000" m_b="0.000000" m_c="0.000000" m_d="1.000000" m_tx="0.000000" m_ty="-14.751216"/>
   <element name="bg" layername="bg" frame="0" z_index="4" m_a="1.000000" m_b="0.000000" m_c="0.000000" m_d="1.000000" m_tx="-86.549004" m_ty="-87.598999"/>
   <element name="bg2" layername="bg2" frame="0" z_index="5" m_a="1.000000" m_b="0.000000" m_c="0.000000" m_d="1.000000" m_tx="-86.749001" m_ty="-87.749001"/>
  </frame>
  <frame idx="450" w="185" h="190" x="-11.249001" y="-10.749001">
   <element name="frame_circle" layername="frame_circle" frame="0" z_index="1" m_a="1.000000" m_b="0.000000" m_c="0.000000" m_d="1.000000" m_tx="0.500000" m_ty="-0.649000"/>
   <element name="heart" layername="heart" frame="1" z_index="2" m_a="1.000000" m_b="0.000000" m_c="0.000000" m_d="1.000000" m_tx="0.111969" m_ty="1.253441"/>
   <element name="health_level" layername="health_level" frame="12" z_index="3" m_a="1.000000" m_b="0.000000" m_c="0.000000" m_d="1.000000" m_tx="0.000000" m_ty="-15.903205"/>
   <element name="bg" layername="bg" frame="0" z_index="4" m_a="1.000000" m_b="0.000000" m_c="0.000000" m_d="1.000000" m_tx="-86.549004" m_ty="-87.598999"/>
   <element name="bg2" layername="bg2" frame="0" z_index="5" m_a="1.000000" m_b="0.000000" m_c="0.000000" m_d="1.000000" m_tx="-86.749001" m_ty="-87.749001"/>
  </frame>
  <frame idx="475" w="185" h="190" x="-11.249001" y="-10.749001">
   <element name="frame_circle" layername="frame_circle" frame="0" z_index="1" m_a="1.000000" m_b="0.000000" m_c="0.000000" m_d="1.000000" m_tx="0.500000" m_ty="-0.649000"/>
   <element name="heart" layername="heart" frame="2" z_index="2" m_a="1.000000" m_b="0.000000" m_c="0.000000" m_d="1.000000" m_tx="0.078817" m_ty="1.092198"/>
   <element name="health_level" layername="health_level" frame="13" z_index="3" m_a="1.000000" m_b="0.000000" m_c="0.000000" m_d="1.000000" m_tx="0.002938" m_ty="-19.158337"/>
   <element name="bg" layername="bg" frame="0" z_index="4" m_a="1.000000" m_b="0.000000" m_c="0.000000" m_d="1.000000" m_tx="-86.549004" m_ty="-87.598999"/>
   <element name="bg2" layername="bg2" frame="0" z_index="5" m_a="1.000000" m_b="0.000000" m_c="0.000000" m_d="1.000000" m_tx="-86.749001" m_ty="-87.749001"/>
  </frame>
  <frame idx="500" w="185" h="190" x="-11.249001" y="-10.749001">
   <element name="frame_circle" layername="frame_circle" frame="0" z_index="1" m_a="1.000000" m_b="0.000000" m_c="0.000000" m_d="1.000000" m_tx="0.500000" m_ty="-0.649000"/>
   <element name="heart" layername="heart" frame="2" z_index="2" m_a="1.000000" m_b="0.000000" m_c="0.000000" m_d="1.000000" m_tx="0.078817" m_ty="1.092198"/>
   <element name="health_level" layername="health_level" frame="14" z_index="3" m_a="1.000000" m_b="0.000000" m_c="0.000000" m_d="1.000000" m_tx="0.002880" m_ty="-18.300415"/>
   <element name="bg" layername="bg" frame="0" z_index="4" m_a="1.000000" m_b="0.000000" m_c="0.000000" m_d="1.000000" m_tx="-86.549004" m_ty="-87.598999"/>
   <element name="bg2" layername="bg2" frame="0" z_index="5" m_a="1.000000" m_b="0.000000" m_c="0.000000" m_d="1.000000" m_tx="-86.749001" m_ty="-87.749001"/>
  </frame>
  <frame idx="525" w="185" h="190" x="-11.249001" y="-10.749001">
   <element name="frame_circle" layername="frame_circle" frame="0" z_index="1" m_a="1.000000" m_b="0.000000" m_c="0.000000" m_d="1.000000" m_tx="0.500000" m_ty="-0.649000"/>
   <element name="heart" layername="heart" frame="2" z_index="2" m_a="1.000000" m_b="0.000000" m_c="0.000000" m_d="1.000000" m_tx="0.078817" m_ty="1.092198"/>
   <element name="health_level" layername="health_level" frame="15" z_index="3" m_a="1.000000" m_b="0.000000" m_c="0.000000" m_d="1.000000" m_tx="0.002880" m_ty="-18.348415"/>
   <element name="bg" layername="bg" frame="0" z_index="4" m_a="1.000000" m_b="0.000000" m_c="0.000000" m_d="1.000000" m_tx="-86.549004" m_ty="-87.598999"/>
   <element name="bg2" layername="bg2" frame="0" z_index="5" m_a="1.000000" m_b="0.000000" m_c="0.000000" m_d="1.000000" m_tx="-86.749001" m_ty="-87.749001"/>
  </frame>
  <frame idx="550" w="185" h="190" x="-11.249001" y="-10.749001">
   <element name="frame_circle" layername="frame_circle" frame="0" z_index="1" m_a="1.000000" m_b="0.000000" m_c="0.000000" m_d="1.000000" m_tx="0.500000" m_ty="-0.649000"/>
   <element name="heart" layername="heart" frame="2" z_index="2" m_a="1.000000" m_b="0.000000" m_c="0.000000" m_d="1.000000" m_tx="0.078817" m_ty="1.092198"/>
   <element name="health_level" layername="health_level" frame="15" z_index="3" m_a="1.000000" m_b="0.000000" m_c="0.000000" m_d="1.000000" m_tx="0.006073" m_ty="-22.177971"/>
   <element name="bg" layername="bg" frame="0" z_index="4" m_a="1.000000" m_b="0.000000" m_c="0.000000" m_d="1.000000" m_tx="-86.549004" m_ty="-87.598999"/>
   <element name="bg2" layername="bg2" frame="0" z_index="5" m_a="1.000000" m_b="0.000000" m_c="0.000000" m_d="1.000000" m_tx="-86.749001" m_ty="-87.749001"/>
  </frame>
  <frame idx="575" w="185" h="190" x="-11.249001" y="-10.749001">
   <element name="frame_circle" layername="frame_circle" frame="0" z_index="1" m_a="1.000000" m_b="0.000000" m_c="0.000000" m_d="1.000000" m_tx="0.500000" m_ty="-0.649000"/>
   <element name="heart" layername="heart" frame="2" z_index="2" m_a="1.000000" m_b="0.000000" m_c="0.000000" m_d="1.000000" m_tx="0.078817" m_ty="1.092198"/>
   <element name="health_level" layername="health_level" frame="16" z_index="3" m_a="1.000000" m_b="0.000000" m_c="0.000000" m_d="1.000000" m_tx="0.029837" m_ty="-24.013340"/>
   <element name="bg" layername="bg" frame="0" z_index="4" m_a="1.000000" m_b="0.000000" m_c="0.000000" m_d="1.000000" m_tx="-86.549004" m_ty="-87.598999"/>
   <element name="bg2" layername="bg2" frame="0" z_index="5" m_a="1.000000" m_b="0.000000" m_c="0.000000" m_d="1.000000" m_tx="-86.749001" m_ty="-87.749001"/>
  </frame>
  <frame idx="600" w="185" h="190" x="-11.249001" y="-10.749001">
   <element name="frame_circle" layername="frame_circle" frame="0" z_index="1" m_a="1.000000" m_b="0.000000" m_c="0.000000" m_d="1.000000" m_tx="0.500000" m_ty="-0.649000"/>
   <element name="heart" layername="heart" frame="2" z_index="2" m_a="1.000000" m_b="0.000000" m_c="0.000000" m_d="1.000000" m_tx="0.078817" m_ty="1.092198"/>
   <element name="health_level" layername="health_level" frame="17" z_index="3" m_a="1.000000" m_b="0.000000" m_c="0.000000" m_d="1.000000" m_tx="0.010218" m_ty="-21.894432"/>
   <element name="bg" layername="bg" frame="0" z_index="4" m_a="1.000000" m_b="0.000000" m_c="0.000000" m_d="1.000000" m_tx="-86.549004" m_ty="-87.598999"/>
   <element name="bg2" layername="bg2" frame="0" z_index="5" m_a="1.000000" m_b="0.000000" m_c="0.000000" m_d="1.000000" m_tx="-86.749001" m_ty="-87.749001"/>
  </frame>
  <frame idx="625" w="185" h="190" x="-11.249001" y="-10.749001">
   <element name="frame_circle" layername="frame_circle" frame="0" z_index="1" m_a="1.000000" m_b="0.000000" m_c="0.000000" m_d="1.000000" m_tx="0.500000" m_ty="-0.649000"/>
   <element name="heart" layername="heart" frame="2" z_index="2" m_a="1.000000" m_b="0.000000" m_c="0.000000" m_d="1.000000" m_tx="0.078817" m_ty="1.092198"/>
   <element name="health_level" layername="health_level" frame="18" z_index="3" m_a="1.000000" m_b="0.000000" m_c="0.000000" m_d="1.000000" m_tx="0.008735" m_ty="-21.942432"/>
   <element name="bg" layername="bg" frame="0" z_index="4" m_a="1.000000" m_b="0.000000" m_c="0.000000" m_d="1.000000" m_tx="-86.549004" m_ty="-87.598999"/>
   <element name="bg2" layername="bg2" frame="0" z_index="5" m_a="1.000000" m_b="0.000000" m_c="0.000000" m_d="1.000000" m_tx="-86.749001" m_ty="-87.749001"/>
  </frame>
  <frame idx="650" w="185" h="190" x="-11.249001" y="-10.749001">
   <element name="frame_circle" layername="frame_circle" frame="0" z_index="1" m_a="1.000000" m_b="0.000000" m_c="0.000000" m_d="1.000000" m_tx="0.500000" m_ty="-0.649000"/>
   <element name="heart" layername="heart" frame="2" z_index="2" m_a="1.000000" m_b="0.000000" m_c="0.000000" m_d="1.000000" m_tx="0.822686" m_ty="-0.945189"/>
   <element name="health_level" layername="health_level" frame="18" z_index="3" m_a="1.000000" m_b="0.000000" m_c="0.000000" m_d="1.000000" m_tx="0.038250" m_ty="-27.534470"/>
   <element name="bg" layername="bg" frame="0" z_index="4" m_a="1.000000" m_b="0.000000" m_c="0.000000" m_d="1.000000" m_tx="-86.549004" m_ty="-87.598999"/>
   <element name="bg2" layername="bg2" frame="0" z_index="5" m_a="1.000000" m_b="0.000000" m_c="0.000000" m_d="1.000000" m_tx="-86.749001" m_ty="-87.749001"/>
  </frame>
  <frame idx="675" w="185" h="190" x="-11.249001" y="-10.749001">
   <element name="frame_circle" layername="frame_circle" frame="0" z_index="1" m_a="1.000000" m_b="0.000000" m_c="0.000000" m_d="1.000000" m_tx="0.500000" m_ty="-0.649000"/>
   <element name="heart" layername="heart" frame="3" z_index="2" m_a="1.000000" m_b="0.000000" m_c="0.000000" m_d="1.000000" m_tx="0.711401" m_ty="-0.927072"/>
   <element name="health_level" layername="health_level" frame="19" z_index="3" m_a="1.000000" m_b="0.000000" m_c="0.000000" m_d="1.000000" m_tx="0.021283" m_ty="-24.291557"/>
   <element name="bg" layername="bg" frame="0" z_index="4" m_a="1.000000" m_b="0.000000" m_c="0.000000" m_d="1.000000" m_tx="-86.549004" m_ty="-87.598999"/>
   <element name="bg2" layername="bg2" frame="0" z_index="5" m_a="1.000000" m_b="0.000000" m_c="0.000000" m_d="1.000000" m_tx="-86.749001" m_ty="-87.749001"/>
  </frame>
  <frame idx="700" w="185" h="190" x="-11.249001" y="-10.749001">
   <element name="frame_circle" layername="frame_circle" frame="0" z_index="1" m_a="1.000000" m_b="0.000000" m_c="0.000000" m_d="1.000000" m_tx="0.500000" m_ty="-0.649000"/>
   <element name="heart" layername="heart" frame="3" z_index="2" m_a="1.000000" m_b="0.000000" m_c="0.000000" m_d="1.000000" m_tx="0.711401" m_ty="-0.927072"/>
   <element name="health_level" layername="health_level" frame="20" z_index="3" m_a="1.000000" m_b="0.000000" m_c="0.000000" m_d="1.000000" m_tx="0.022197" m_ty="-31.617510"/>
   <element name="bg" layername="bg" frame="0" z_index="4" m_a="1.000000" m_b="0.000000" m_c="0.000000" m_d="1.000000" m_tx="-86.549004" m_ty="-87.598999"/>
   <element name="bg2" layername="bg2" frame="0" z_index="5" m_a="1.000000" m_b="0.000000" m_c="0.000000" m_d="1.000000" m_tx="-86.749001" m_ty="-87.749001"/>
  </frame>
  <frame idx="725" w="185" h="190" x="-11.249001" y="-10.749001">
   <element name="frame_circle" layername="frame_circle" frame="0" z_index="1" m_a="1.000000" m_b="0.000000" m_c="0.000000" m_d="1.000000" m_tx="0.500000" m_ty="-0.649000"/>
   <element name="heart" layername="heart" frame="3" z_index="2" m_a="1.000000" m_b="0.000000" m_c="0.000000" m_d="1.000000" m_tx="0.711401" m_ty="-0.927072"/>
   <element name="health_level" layername="health_level" frame="21" z_index="3" m_a="1.000000" m_b="0.000000" m_c="0.000000" m_d="1.000000" m_tx="0.020359" m_ty="-25.536608"/>
   <element name="bg" layername="bg" frame="0" z_index="4" m_a="1.000000" m_b="0.000000" m_c="0.000000" m_d="1.000000" m_tx="-86.549004" m_ty="-87.598999"/>
   <element name="bg2" layername="bg2" frame="0" z_index="5" m_a="1.000000" m_b="0.000000" m_c="0.000000" m_d="1.000000" m_tx="-86.749001" m_ty="-87.749001"/>
  </frame>
 </anim>
</Anims>
