<Anims>
 <anim name="BUILD_90s" root="swap_brownymace" numframes="200" framerate="40">
  <frame idx="0" w="220" h="385" x="90.000000" y="157.500000">
   <element name="swap_nightmaresword" layername="swap_nightmaresword" frame="0" z_index="1" m_a="1.000000" m_b="0.000000" m_c="0.000000" m_d="1.000000" m_tx="0.000000" m_ty="0.000000"/>
  </frame>
  <frame idx="25" w="220" h="385" x="90.000000" y="157.500000">
   <element name="swap_nightmaresword" layername="swap_nightmaresword" frame="0" z_index="1" m_a="1.000000" m_b="0.000000" m_c="0.000000" m_d="1.000000" m_tx="0.000000" m_ty="0.000000"/>
  </frame>
  <frame idx="50" w="220" h="385" x="90.000000" y="157.500000">
   <element name="swap_nightmaresword" layername="swap_nightmaresword" frame="0" z_index="1" m_a="1.000000" m_b="0.000000" m_c="0.000000" m_d="1.000000" m_tx="0.000000" m_ty="0.000000"/>
  </frame>
  <frame idx="75" w="220" h="385" x="90.000000" y="157.500000">
   <element name="swap_nightmaresword" layername="swap_nightmaresword" frame="0" z_index="1" m_a="1.000000" m_b="0.000000" m_c="0.000000" m_d="1.000000" m_tx="0.000000" m_ty="0.000000"/>
  </frame>
  <frame idx="100" w="220" h="385" x="90.000000" y="157.500000">
   <element name="swap_nightmaresword" layername="swap_nightmaresword" frame="0" z_index="1" m_a="1.000000" m_b="0.000000" m_c="0.000000" m_d="1.000000" m_tx="0.000000" m_ty="0.000000"/>
  </frame>
  <frame idx="125" w="220" h="385" x="90.000000" y="157.500000">
   <element name="swap_nightmaresword" layername="swap_nightmaresword" frame="0" z_index="1" m_a="1.000000" m_b="0.000000" m_c="0.000000" m_d="1.000000" m_tx="0.000000" m_ty="0.000000"/>
  </frame>
  <frame idx="150" w="220" h="385" x="90.000000" y="157.500000">
   <element name="swap_nightmaresword" layername="swap_nightmaresword" frame="0" z_index="1" m_a="1.000000" m_b="0.000000" m_c="0.000000" m_d="1.000000" m_tx="0.000000" m_ty="0.000000"/>
  </frame>
  <frame idx="175" w="220" h="385" x="90.000000" y="157.500000">
   <element name="swap_nightmaresword" layername="swap_nightmaresword" frame="0" z_index="1" m_a="1.000000" m_b="0.000000" m_c="0.000000" m_d="1.000000" m_tx="0.000000" m_ty="0.000000"/>
  </frame>
 </anim>
</Anims>
